,mean,sd,hdi_5%,hdi_95%,mcse_mean,mcse_sd,ess_bulk,ess_tail,r_hat
dl,1.8848,0.1042,1.7201,2.0602,0.003,0.0021,1230.0357,2379.1218,1.0042
"dz[0,0]",0.2954,0.3379,-0.2504,0.858,0.0043,0.0032,6221.1869,5762.1064,1.0009
"dz[0,1]",0.4986,0.3543,-0.0965,1.0626,0.0045,0.0034,6155.5125,6154.5383,1.0004
"dz[0,2]",0.5407,0.3659,-0.0766,1.1215,0.0046,0.0035,6293.3547,5444.2795,1.0008
"dz[0,3]",0.7047,0.3667,0.1252,1.3174,0.0048,0.0035,5861.122,5794.6753,1.0
"dz[0,4]",1.0411,0.3952,0.3999,1.6847,0.0051,0.0037,5959.285,5984.3949,1.0006
"dz[0,5]",1.0928,0.3964,0.4545,1.7341,0.0052,0.0038,5842.4163,5935.9592,1.0008
"dz[0,6]",0.4012,0.3439,-0.1514,0.9842,0.0044,0.0032,6095.4479,6268.4398,1.0002
"dz[0,7]",0.6355,0.3593,0.0768,1.2578,0.0048,0.0036,5593.2527,5491.357,1.0007
"dz[0,8]",0.8767,0.3813,0.2415,1.4871,0.0045,0.0033,7245.6751,6315.1628,1.0
"dz[0,9]",0.4649,0.3495,-0.1008,1.0403,0.0045,0.0034,6038.2748,6025.0183,1.0006
"dz[0,10]",1.3549,0.4143,0.6674,2.0192,0.0051,0.0037,6566.5336,5685.9342,1.0005
"dz[0,11]",0.6768,0.365,0.082,1.2779,0.0047,0.0035,6163.5698,5868.3003,0.9999
"dz[0,12]",0.666,0.3627,0.0793,1.257,0.0043,0.0032,7291.3626,6093.8083,1.0003
"dz[0,13]",1.2633,0.4113,0.6169,1.9534,0.0054,0.0039,5942.0191,5497.5119,1.0009
"dz[0,14]",0.9371,0.3924,0.3188,1.6059,0.005,0.0038,6071.2568,5344.757,1.0005
"dz[0,15]",1.2603,0.4091,0.5948,1.9163,0.0052,0.0038,6229.6807,6007.02,1.001
"dz[0,16]",1.4606,0.4252,0.7918,2.1869,0.0054,0.0039,6364.6802,5538.4134,1.0002
"dz[0,17]",1.0104,0.389,0.3865,1.67,0.0047,0.0034,6950.9552,6224.812,1.0005
"dz[0,18]",0.6292,0.3565,0.0253,1.1897,0.0047,0.0034,5870.0323,5716.9286,1.0005
"dz[0,19]",1.4158,0.4148,0.7415,2.0902,0.0051,0.0037,6647.5764,5777.4591,1.0003
"dz[0,20]",0.4981,0.349,-0.0778,1.0496,0.0045,0.0033,6180.3023,5630.025,1.0003
"dz[0,21]",1.176,0.4101,0.5337,1.8708,0.0051,0.0038,6452.8451,5509.3618,1.0014
"dz[0,22]",0.6337,0.362,0.0139,1.1964,0.0045,0.0033,6562.3579,6089.3566,1.0007
"dz[0,23]",1.0126,0.3796,0.3871,1.6273,0.0049,0.0036,6059.6744,5908.8054,1.0009
"dz[0,24]",1.2093,0.3994,0.5086,1.8251,0.0048,0.0035,7095.328,5930.2895,0.9997
"dz[0,25]",0.9615,0.3863,0.3057,1.5832,0.0049,0.0035,6153.9071,6243.8484,1.0004
"dz[0,26]",0.442,0.3494,-0.1395,1.0004,0.0042,0.0031,7044.8472,6053.3072,1.0003
"dz[0,27]",0.8669,0.3866,0.2359,1.5113,0.0051,0.0036,5804.7036,5603.7223,1.0002
"dz[0,28]",0.9625,0.3861,0.2967,1.5613,0.0051,0.0038,5771.4346,5071.9038,1.0006
"dz[0,29]",1.1818,0.4022,0.5299,1.8459,0.0048,0.0036,6994.0427,5768.3048,1.0003
"dz[0,30]",0.5449,0.3599,-0.0447,1.1393,0.0047,0.0034,5804.4623,5460.5293,1.0002
"dz[0,31]",0.8627,0.3871,0.2566,1.5324,0.0047,0.0034,6938.5436,5947.9719,1.0008
"dz[0,32]",1.0139,0.3838,0.3778,1.6388,0.0046,0.0034,7007.2721,5912.7737,1.0005
"dz[0,33]",1.0116,0.3929,0.3664,1.6415,0.0049,0.0036,6461.0719,5811.1397,1.0004
"dz[0,34]",1.3613,0.424,0.6693,2.0424,0.0053,0.0038,6559.5272,5764.6738,1.0002
"dz[0,35]",0.9588,0.3873,0.3584,1.6308,0.005,0.0036,6051.9909,5537.7779,0.9998
"dz[0,36]",0.743,0.3751,0.0958,1.3208,0.0048,0.0036,6111.2035,5180.3072,1.0006
"dz[0,37]",0.8717,0.3781,0.2455,1.4744,0.0044,0.0033,7300.361,6228.2714,1.0
"dz[0,38]",1.0953,0.3943,0.4539,1.7393,0.005,0.0036,6206.3295,5813.659,1.0003
"dz[0,39]",0.8685,0.3826,0.2312,1.4925,0.0047,0.0035,6590.644,5409.5103,1.0001
"dz[0,40]",0.9586,0.3777,0.3476,1.569,0.0047,0.0034,6318.1515,6190.0917,1.0004
"dz[0,41]",1.5168,0.4341,0.7701,2.1951,0.0054,0.0039,6429.3041,5974.8237,1.0007
"dz[0,42]",1.5264,0.4203,0.8392,2.215,0.0054,0.0039,6191.6773,5653.2248,1.0002
"dz[0,43]",0.835,0.3751,0.2224,1.4421,0.0049,0.0035,5924.2594,5681.8334,1.0017
"dz[0,44]",1.2595,0.4058,0.5876,1.9073,0.0053,0.004,5902.3901,5197.0595,1.0012
"dz[0,45]",0.9277,0.3757,0.281,1.519,0.005,0.0035,5688.812,5843.2857,1.0004
"dz[0,46]",0.7382,0.3711,0.1251,1.3388,0.0046,0.0034,6535.7478,5914.1579,1.0005
"dz[0,47]",0.7412,0.3743,0.0987,1.3176,0.0043,0.0032,7556.1241,6154.2255,1.0006
"dz[0,48]",0.2371,0.3418,-0.2983,0.8195,0.0046,0.0035,5543.5121,5867.5823,1.0005
"dz[1,0]",-1.3653,0.317,-1.8866,-0.8434,0.0049,0.0035,4218.2805,5335.203,1.0008
"dz[1,1]",-0.7333,0.3129,-1.2625,-0.2287,0.0044,0.0031,5047.8664,5623.8154,1.0008
"dz[1,2]",-0.8384,0.3237,-1.3622,-0.312,0.0048,0.0034,4628.8541,6229.0982,1.0007
"dz[1,3]",-1.3241,0.3169,-1.8553,-0.8116,0.005,0.0035,3983.4886,5122.0232,1.0006
"dz[1,4]",-1.0683,0.3055,-1.5756,-0.5745,0.0047,0.0034,4151.5587,5169.7708,1.0009
"dz[1,5]",-1.0334,0.3041,-1.5541,-0.5514,0.0044,0.0032,4686.9649,5799.8803,1.0002
"dz[1,6]",-0.7044,0.3206,-1.2351,-0.175,0.0047,0.0033,4677.7537,5301.2689,1.0001
"dz[1,7]",-0.8197,0.32,-1.3335,-0.2864,0.0046,0.0033,4777.259,5218.731,1.0006
"dz[1,8]",-0.7487,0.3312,-1.3015,-0.1968,0.0052,0.0037,4078.1311,5427.7296,1.0013
"dz[1,9]",-0.8822,0.3249,-1.4443,-0.3768,0.0047,0.0033,4873.2204,5187.4002,1.0009
"dz[1,10]",-0.7073,0.3217,-1.2404,-0.1855,0.0047,0.0033,4771.6141,5551.9176,1.0005
"dz[1,11]",-1.1022,0.3153,-1.633,-0.6043,0.0047,0.0033,4452.0128,5015.2164,1.0012
"dz[1,12]",-0.5368,0.3381,-1.125,-0.0118,0.0047,0.0034,5216.9893,5060.0839,1.0009
"dz[1,13]",-0.8865,0.321,-1.4209,-0.3747,0.0049,0.0035,4380.7239,5422.5704,1.0005
"dz[1,14]",-0.8579,0.3302,-1.3998,-0.3316,0.0047,0.0033,4999.0468,6391.5107,1.0004
"dz[1,15]",-1.0156,0.3196,-1.5564,-0.5051,0.0047,0.0033,4572.8438,5650.681,1.0002
"dz[1,16]",-1.1245,0.3095,-1.6252,-0.6101,0.0046,0.0032,4555.0714,6031.4051,1.0018
"dz[1,17]",-0.6832,0.3134,-1.208,-0.1756,0.0043,0.0031,5300.1102,5483.7712,1.0004
"dz[1,18]",-1.2588,0.3088,-1.7606,-0.7499,0.0048,0.0034,4130.1969,5097.358,1.0003
"dz[1,19]",-0.4877,0.3258,-1.0169,0.0564,0.0046,0.0034,5010.3996,5289.8625,1.0012
"dz[1,20]",-0.7036,0.3282,-1.2467,-0.1772,0.0051,0.0036,4148.2656,5466.4793,1.0015
"dz[1,21]",-0.9702,0.3153,-1.4776,-0.4391,0.0049,0.0034,4192.5258,5516.9864,1.0003
"dz[1,22]",-1.165,0.3087,-1.6551,-0.6323,0.0046,0.0033,4426.2219,5414.5212,1.001
"dz[1,23]",-0.7525,0.3288,-1.2831,-0.2064,0.0051,0.0036,4214.7597,5170.1044,1.0005
"dz[1,24]",-1.0779,0.3208,-1.6239,-0.5754,0.005,0.0035,4167.0521,5657.4815,1.0002
"dz[1,25]",-0.5744,0.3315,-1.107,-0.0225,0.0048,0.0034,4781.9836,5368.5867,1.0005
"dz[1,26]",-1.2551,0.3118,-1.7798,-0.7534,0.0047,0.0034,4410.6321,5128.8477,1.0002
"dz[1,27]",-0.1144,0.3328,-0.6497,0.4459,0.0045,0.0033,5425.5077,5853.4403,1.0006
"dz[1,28]",-1.0167,0.3168,-1.5299,-0.496,0.0047,0.0033,4582.9942,5206.9178,1.0012
"dz[1,29]",-0.8976,0.3143,-1.4066,-0.3704,0.0045,0.0033,4854.0434,5226.8622,1.0002
"dz[1,30]",-0.5264,0.3223,-1.0482,0.0003,0.0044,0.0032,5396.891,5340.8755,1.0005
"dz[1,31]",-0.7498,0.3261,-1.2777,-0.2058,0.0048,0.0034,4680.7488,6155.7076,1.0001
"dz[1,32]",-0.5939,0.3183,-1.1134,-0.0684,0.0044,0.0032,5264.2669,5309.6872,1.0005
"dz[1,33]",-1.1605,0.3073,-1.665,-0.6586,0.0046,0.0033,4396.984,5761.1959,1.0002
"dz[1,34]",-0.4941,0.3375,-1.0426,0.0718,0.0049,0.0035,4793.3509,6090.8141,1.0001
"dz[1,35]",-0.2453,0.3322,-0.77,0.3256,0.0045,0.0033,5395.314,6248.8029,1.0004
"dz[1,36]",-1.0457,0.3029,-1.5249,-0.544,0.0045,0.0033,4525.8269,5443.936,1.0008
"dz[1,37]",-0.713,0.307,-1.2168,-0.2097,0.0047,0.0033,4232.5228,5796.3602,1.0006
"dz[1,38]",-0.9861,0.3109,-1.4797,-0.4734,0.0045,0.0033,4761.8081,4913.7979,1.001
"dz[1,39]",-1.0586,0.3195,-1.5498,-0.5012,0.0048,0.0034,4500.8215,5132.0159,1.0006
"dz[1,40]",-1.5406,0.3165,-2.0659,-1.0261,0.0051,0.0037,3825.4792,5226.5264,1.0013
"dz[1,41]",-0.5331,0.3373,-1.0661,0.0442,0.005,0.0035,4610.7261,5604.9868,1.0006
"dz[1,42]",-0.5307,0.3115,-1.0589,-0.0389,0.0041,0.003,5634.1143,6437.1859,1.0009
"dz[1,43]",-1.2905,0.3117,-1.8004,-0.7923,0.0049,0.0035,4043.2993,5511.1785,1.0007
"dz[1,44]",-0.5138,0.3182,-1.0206,0.0187,0.0045,0.0033,5000.5255,5878.4854,1.0008
"dz[1,45]",-1.0827,0.3066,-1.5782,-0.5772,0.0045,0.0032,4725.5015,5664.6261,1.0011
"dz[1,46]",-0.823,0.319,-1.3822,-0.3318,0.0045,0.0032,5106.182,5728.3315,1.0004
"dz[1,47]",-0.971,0.3148,-1.5092,-0.4871,0.0046,0.0033,4671.126,5440.6596,1.0006
"dz[1,48]",-0.8426,0.3241,-1.3821,-0.318,0.0047,0.0033,4823.5105,5629.9221,1.0007
cl,-0.4609,0.0255,-0.5015,-0.4181,0.0004,0.0002,5215.7819,5665.1216,1.0009
"cz[0,0]",0.6986,0.7845,-0.5937,1.9956,0.0082,0.0072,9235.0515,5751.1502,1.0006
"cz[0,1]",0.4602,0.8114,-0.8487,1.8145,0.0091,0.0084,7998.1446,5499.4838,1.0019
"cz[0,2]",-0.0131,0.8356,-1.338,1.3863,0.0086,0.0085,9557.3479,6213.5217,1.0001
"cz[0,3]",0.6258,0.8172,-0.727,1.9576,0.0085,0.0072,9350.3856,6335.2726,0.9998
"cz[0,4]",0.3841,0.8519,-0.9626,1.8248,0.0091,0.0079,8839.454,6138.5062,0.9999
"cz[0,5]",-0.1599,0.8829,-1.5681,1.3127,0.0099,0.0095,7941.4367,6252.1792,1.0003
"cz[0,6]",1.235,0.791,-0.0545,2.5403,0.0077,0.006,10646.9763,6269.1623,1.0004
"cz[0,7]",0.5596,0.8125,-0.7959,1.8641,0.0089,0.0076,8336.2293,5514.5856,1.0004
"cz[0,8]",0.2849,0.8574,-1.0526,1.7694,0.0091,0.0092,8785.5446,5789.2978,1.0003
"cz[0,9]",1.3151,0.7839,0.0565,2.6396,0.0084,0.006,8818.9273,6258.5666,1.0
"cz[0,10]",-0.0,0.8872,-1.4447,1.4866,0.0091,0.0093,9577.3395,6464.2566,1.0003
"cz[0,11]",0.0821,0.8224,-1.3793,1.3208,0.0087,0.0085,8973.6725,6175.1323,0.9999
"cz[0,12]",0.1091,0.825,-1.2804,1.4206,0.0082,0.0088,10092.3733,6402.9504,1.0001
"cz[0,13]",-0.0661,0.8962,-1.4907,1.4302,0.0103,0.0097,7615.9411,6228.1265,1.0009
"cz[0,14]",-0.2665,0.8838,-1.7046,1.1893,0.0094,0.0086,8944.5184,6793.1328,1.0007
"cz[0,15]",-0.0437,0.8752,-1.527,1.3548,0.0101,0.009,7598.528,6623.6253,1.0
"cz[0,16]",0.0488,0.8819,-1.3662,1.4988,0.0094,0.0091,8830.5487,6267.3031,1.0008
"cz[0,17]",-0.2031,0.858,-1.5827,1.199,0.0087,0.009,9676.8752,6355.9862,0.9999
"cz[0,18]",0.5654,0.8138,-0.7413,1.9344,0.009,0.0071,8220.0326,5815.8973,1.0002
"cz[0,19]",0.6518,0.8677,-0.7988,2.047,0.0095,0.0078,8379.248,6087.3886,1.0001
"cz[0,20]",0.4573,0.8082,-0.8587,1.7837,0.0084,0.0075,9277.5408,6312.5738,1.0005
"cz[0,21]",-0.1073,0.8738,-1.5284,1.3381,0.0097,0.0096,8221.7244,5592.3267,1.0008
"cz[0,22]",0.5686,0.8057,-0.8383,1.8139,0.0084,0.0072,9223.7163,6398.4355,1.0003
"cz[0,23]",0.9191,0.8421,-0.4775,2.3032,0.0094,0.0072,8054.0657,5708.8196,1.001
"cz[0,24]",0.5344,0.8602,-0.9078,1.8961,0.0093,0.0082,8529.9988,6224.3911,0.9999
"cz[0,25]",0.3092,0.8527,-1.0825,1.6982,0.0086,0.0087,9800.7654,6262.7169,1.0005
"cz[0,26]",0.3946,0.8054,-0.8898,1.7551,0.0084,0.0078,9147.4114,6527.143,1.0005
"cz[0,27]",-0.3151,0.8692,-1.7338,1.1036,0.0098,0.0087,7855.7836,5820.5639,1.0
"cz[0,28]",0.3336,0.8542,-1.1117,1.6781,0.009,0.0087,9049.5487,6359.0689,1.0001
"cz[0,29]",-0.1219,0.8847,-1.565,1.3414,0.0097,0.0091,8277.5063,6467.8209,1.0001
"cz[0,30]",0.9444,0.8115,-0.4291,2.2364,0.009,0.0069,8229.164,5784.3932,1.0014
"cz[0,31]",-0.2994,0.8905,-1.7571,1.1666,0.0094,0.0089,8921.3937,6634.8968,1.0007
"cz[0,32]",-0.2122,0.8565,-1.602,1.2145,0.009,0.0088,9129.1522,6786.646,1.0007
"cz[0,33]",-0.2071,0.8698,-1.6243,1.2078,0.0092,0.0093,8948.4302,6616.484,1.0006
"cz[0,34]",-0.0076,0.8769,-1.4434,1.4393,0.0095,0.0093,8559.7615,5661.4233,1.0007
"cz[0,35]",0.3358,0.8531,-1.0943,1.698,0.0089,0.0082,9215.466,5921.5879,1.0002
"cz[0,36]",0.1538,0.8504,-1.2003,1.5677,0.009,0.0088,8853.9592,6466.2716,1.0007
"cz[0,37]",0.28,0.8324,-1.0752,1.65,0.0088,0.0085,8996.7157,6289.0814,0.9997
"cz[0,38]",-0.1653,0.8766,-1.6448,1.243,0.0088,0.009,9993.485,6739.2361,0.9999
"cz[0,39]",-0.3119,0.8578,-1.7599,1.0488,0.0089,0.0087,9307.6037,6823.3276,0.9998
"cz[0,40]",0.3419,0.8286,-1.1297,1.5751,0.0089,0.0078,8666.8479,6594.3021,1.0003
"cz[0,41]",0.7353,0.8914,-0.6973,2.2476,0.0096,0.0073,8795.5899,5998.833,1.0001
"cz[0,42]",0.7357,0.8658,-0.597,2.2374,0.0093,0.0075,8684.4451,6174.1989,1.0002
"cz[0,43]",1.2441,0.8165,-0.1043,2.5338,0.0089,0.0065,8386.1589,6485.0844,1.0007
"cz[0,44]",-0.0481,0.8773,-1.4767,1.4149,0.01,0.0091,7671.1572,6309.4757,1.0003
"cz[0,45]",0.8311,0.8266,-0.521,2.1885,0.0093,0.0071,7935.7922,6001.6724,1.0008
"cz[0,46]",0.1451,0.8408,-1.218,1.5626,0.0087,0.0087,9363.9444,6514.2244,1.0001
"cz[0,47]",0.145,0.8405,-1.2025,1.5529,0.0089,0.0093,8876.0087,6048.0681,0.9999
"cz[0,48]",0.6437,0.8045,-0.6535,1.952,0.0081,0.0072,9834.7903,5850.2732,0.9998
"cz[1,0]",-0.8364,0.7265,-2.0375,0.3347,0.0072,0.0061,10160.0184,6847.6501,1.0002
"cz[1,1]",0.639,0.7484,-0.5496,1.8853,0.0076,0.0065,9626.1018,6166.4973,1.0003
"cz[1,2]",-0.9469,0.7784,-2.1694,0.3844,0.0091,0.007,7387.0591,6270.3093,1.0008
"cz[1,3]",-0.4594,0.7374,-1.7062,0.698,0.0074,0.0073,9871.8875,5953.333,1.0032
"cz[1,4]",-0.1293,0.7329,-1.3046,1.1019,0.0075,0.008,9658.349,6525.1166,1.0015
"cz[1,5]",0.2507,0.741,-0.9727,1.4424,0.0078,0.0078,8942.0559,5569.9653,1.0003
"cz[1,6]",-0.8065,0.7683,-2.0419,0.4679,0.0086,0.0069,7942.84,6197.9666,0.9999
"cz[1,7]",-0.5341,0.7798,-1.8304,0.7292,0.0081,0.0075,9318.5316,6222.7324,1.0006
"cz[1,8]",-0.8488,0.7696,-2.1061,0.4209,0.0086,0.0066,8103.5824,5663.3806,1.0
"cz[1,9]",-1.0116,0.7784,-2.282,0.2599,0.0085,0.0069,8471.9897,5763.0687,1.0005
"cz[1,10]",-0.0295,0.7608,-1.3392,1.162,0.0082,0.0081,8734.044,6085.1138,1.0008
"cz[1,11]",-0.5032,0.74,-1.6715,0.7321,0.008,0.007,8588.134,6856.0943,1.0001
"cz[1,12]",-1.0167,0.8047,-2.3773,0.266,0.0089,0.007,8161.8285,5638.4242,1.0002
"cz[1,13]",-0.2239,0.7564,-1.4327,1.0553,0.0083,0.0075,8231.6312,6176.3319,1.0004
"cz[1,14]",-1.3729,0.7863,-2.6453,-0.0682,0.0083,0.0062,9031.3077,5979.8315,1.0001
"cz[1,15]",-0.4077,0.758,-1.6523,0.8503,0.0082,0.0079,8604.5252,5606.4414,1.0002
"cz[1,16]",0.4577,0.7198,-0.7015,1.6294,0.0076,0.0067,9081.3084,5905.3749,1.0001
"cz[1,17]",0.371,0.7514,-0.8663,1.5761,0.0082,0.0077,8455.9174,5719.207,1.0001
"cz[1,18]",0.6069,0.7279,-0.64,1.7303,0.0076,0.0064,9265.6187,6575.0017,1.0007
"cz[1,19]",-0.5247,0.7737,-1.857,0.6924,0.0081,0.0068,9050.9297,6604.4213,1.0002
"cz[1,20]",-0.793,0.7697,-2.1219,0.409,0.0084,0.0067,8374.8637,6094.6356,1.0003
"cz[1,21]",-0.3464,0.7529,-1.5699,0.8906,0.0083,0.0075,8191.8382,5342.2749,1.0
"cz[1,22]",0.0984,0.7302,-1.0704,1.3193,0.0072,0.0076,10347.239,6662.3403,1.0014
"cz[1,23]",-0.837,0.7725,-2.1033,0.4175,0.0087,0.007,7968.7417,5727.7337,1.0014
"cz[1,24]",-0.8622,0.7545,-2.0394,0.4339,0.0077,0.0063,9594.5495,6195.1207,1.0007
"cz[1,25]",-0.635,0.7845,-1.9108,0.641,0.0083,0.007,9030.1996,6381.523,1.0003
"cz[1,26]",0.599,0.7345,-0.622,1.7844,0.0067,0.0063,12022.4419,6628.386,1.0004
"cz[1,27]",-0.5994,0.8191,-1.8804,0.8003,0.0089,0.0075,8483.2244,6508.458,1.0002
"cz[1,28]",-0.395,0.7496,-1.5627,0.8743,0.008,0.0077,8853.2337,5574.2721,1.0002
"cz[1,29]",0.0921,0.7333,-1.0974,1.2972,0.0074,0.0078,9811.7906,6357.377,1.0
"cz[1,30]",-0.6003,0.7692,-1.8416,0.6901,0.0082,0.007,8889.4523,6118.2338,1.0005
"cz[1,31]",-0.8401,0.7829,-2.1266,0.4454,0.0082,0.007,9161.5099,5852.7081,1.0001
"cz[1,32]",-0.283,0.7553,-1.4922,0.9887,0.008,0.0075,8995.8331,6378.3728,1.0002
"cz[1,33]",0.0865,0.7373,-1.0991,1.3076,0.0079,0.0085,8710.88,5440.2712,1.0016
"cz[1,34]",-0.9751,0.7953,-2.2866,0.3338,0.0089,0.0071,7970.5691,6373.7642,1.0008
"cz[1,35]",-0.3056,0.81,-1.6634,1.0236,0.0087,0.0083,8577.0424,6375.3868,1.0007
"cz[1,36]",1.1859,0.7347,-0.0087,2.3867,0.0076,0.0058,9468.7797,6271.4726,1.0017
"cz[1,37]",-0.0247,0.7481,-1.2555,1.1741,0.0082,0.0085,8404.3765,5937.2492,1.0007
"cz[1,38]",-0.0185,0.7328,-1.1704,1.2146,0.0075,0.0077,9647.4221,6450.9644,1.0007
"cz[1,39]",-0.458,0.7609,-1.7466,0.7655,0.0085,0.0072,8025.6594,6370.5401,1.0003
"cz[1,40]",1.0923,0.7105,-0.0551,2.2784,0.007,0.0057,10166.4256,6223.4149,1.0011
"cz[1,41]",-1.0315,0.7911,-2.2968,0.3176,0.009,0.0068,7731.5695,5998.6897,0.9999
"cz[1,42]",0.1852,0.7587,-1.0455,1.4521,0.0083,0.0076,8447.3062,6282.5974,1.0012
"cz[1,43]",-0.088,0.737,-1.3019,1.0836,0.0075,0.0078,9543.1789,6522.6079,1.0003
"cz[1,44]",-0.1793,0.7732,-1.4033,1.1053,0.008,0.0082,9361.0572,5981.4744,1.0006
"cz[1,45]",0.5022,0.7259,-0.6353,1.7381,0.0084,0.0065,7579.0578,6226.5658,0.9999
"cz[1,46]",-0.5251,0.7659,-1.8273,0.68,0.0078,0.0072,9679.7915,5698.4927,1.0004
"cz[1,47]",-0.3373,0.7562,-1.5791,0.8719,0.008,0.0077,8864.8842,5902.7844,1.0001
"cz[1,48]",-0.935,0.7729,-2.1827,0.3442,0.0082,0.0064,8845.7979,6185.3593,1.0009
ds,0.9673,0.0791,0.8328,1.0874,0.0019,0.0013,1735.6032,3108.6947,1.0025
"d[0,0]",2.1694,0.3133,1.6545,2.6754,0.0032,0.0023,9469.2377,6251.4235,1.0012
"d[0,1]",2.3654,0.3294,1.8234,2.8958,0.0033,0.0024,9854.9193,6354.9613,0.9998
"d[0,2]",2.4053,0.3399,1.8508,2.9675,0.0034,0.0024,9935.3404,6281.6262,1.0011
"d[0,3]",2.563,0.338,1.9977,3.1061,0.0035,0.0025,9347.473,6147.0174,1.0001
"d[0,4]",2.8867,0.3641,2.3048,3.4928,0.0037,0.0026,9806.4917,6373.6154,1.0003
"d[0,5]",2.9376,0.3714,2.3446,3.5438,0.004,0.0029,8523.4986,6396.0783,1.0006
"d[0,6]",2.2711,0.3165,1.7538,2.7965,0.0033,0.0023,9518.1426,6194.2132,1.0001
"d[0,7]",2.497,0.3312,1.9068,3.0051,0.0035,0.0025,8872.5649,5910.3844,1.0007
"d[0,8]",2.7289,0.3553,2.128,3.2905,0.0036,0.0026,9970.4368,6692.7789,1.0
"d[0,9]",2.3326,0.3242,1.7901,2.849,0.0033,0.0024,9464.1394,6142.1246,1.0003
"d[0,10]",3.1898,0.3877,2.5464,3.8228,0.004,0.0028,9646.636,6519.2465,1.0004
"d[0,11]",2.537,0.338,1.9891,3.0989,0.0035,0.0025,9399.4393,6321.0998,1.0001
"d[0,12]",2.5265,0.337,1.9438,3.0497,0.0032,0.0023,11393.297,6505.3079,1.0
"d[0,13]",3.1015,0.3844,2.4441,3.696,0.0043,0.003,8167.4177,6258.3989,1.0006
"d[0,14]",2.7865,0.3638,2.1976,3.3918,0.004,0.0029,8358.303,5881.3233,1.0001
"d[0,15]",3.0985,0.3796,2.4679,3.7106,0.0043,0.003,7974.2753,6376.0205,1.0006
"d[0,16]",3.2911,0.3955,2.6514,3.943,0.004,0.0029,9674.265,6175.3981,0.9999
"d[0,17]",2.8575,0.3629,2.2467,3.44,0.0038,0.0027,9315.3945,6407.8374,1.0
"d[0,18]",2.4907,0.3317,1.9326,3.0138,0.0036,0.0026,8591.8423,6166.5359,1.0005
"d[0,19]",3.2488,0.3881,2.6181,3.8987,0.0041,0.0029,8902.7749,5671.5288,1.0002
"d[0,20]",2.3641,0.3216,1.8431,2.8923,0.0034,0.0025,8735.7101,6543.6877,1.0003
"d[0,21]",3.017,0.3819,2.4256,3.6738,0.0039,0.0028,9631.4776,5972.3762,1.0003
"d[0,22]",2.495,0.3362,1.9284,3.0239,0.0034,0.0024,9847.4183,6025.541,1.0002
"d[0,23]",2.8595,0.3524,2.2676,3.4192,0.0036,0.0026,9547.7223,6303.4558,1.0019
"d[0,24]",3.0492,0.3712,2.4441,3.6676,0.0038,0.0027,9830.8601,6285.6367,1.0
"d[0,25]",2.8109,0.3584,2.2289,3.4061,0.0036,0.0026,9982.3391,6034.6764,1.0
"d[0,26]",2.31,0.3254,1.7734,2.8452,0.0032,0.0022,10587.2789,6396.471,1.0001
"d[0,27]",2.7195,0.3613,2.0783,3.2653,0.0038,0.0027,9305.2563,6508.7902,1.0005
"d[0,28]",2.8112,0.3555,2.1753,3.3546,0.0038,0.0027,8891.2221,6208.1905,1.0009
"d[0,29]",3.0225,0.3748,2.407,3.6325,0.0037,0.0026,10277.1117,6271.7418,1.0004
"d[0,30]",2.4093,0.3326,1.8825,2.9781,0.0036,0.0025,8679.7013,5770.9571,1.0008
"d[0,31]",2.7149,0.3616,2.1138,3.3097,0.0038,0.0027,9243.7091,6141.6162,1.0009
"d[0,32]",2.861,0.36,2.2662,3.4504,0.0037,0.0027,9280.8819,6367.7993,1.0008
"d[0,33]",2.859,0.367,2.269,3.467,0.0039,0.0028,8984.2065,6399.2387,1.0003
"d[0,34]",3.196,0.3963,2.5651,3.8412,0.0042,0.003,9223.3721,5785.08,1.0003
"d[0,35]",2.8081,0.3603,2.222,3.406,0.0036,0.0026,9882.8608,6368.7757,1.0
"d[0,36]",2.5997,0.3464,2.026,3.1589,0.0037,0.0027,8974.4058,6172.1749,1.0002
"d[0,37]",2.724,0.3502,2.159,3.3076,0.0034,0.0025,10331.9399,6845.8489,0.9998
"d[0,38]",2.9394,0.3676,2.3542,3.5589,0.0038,0.0027,9361.6344,6258.9104,1.0002
"d[0,39]",2.7205,0.356,2.1507,3.3221,0.0036,0.0026,9732.2773,6560.331,0.9999
"d[0,40]",2.8077,0.3498,2.2427,3.3859,0.0036,0.0026,9673.0359,5781.7057,1.0003
"d[0,41]",3.3459,0.4032,2.6689,3.9791,0.0041,0.003,9503.732,5989.6293,1.0007
"d[0,42]",3.3554,0.3935,2.702,3.9962,0.0042,0.003,8999.4185,6047.693,1.0004
"d[0,43]",2.6888,0.3453,2.1119,3.2337,0.0038,0.0027,8165.482,6410.7571,1.0007
"d[0,44]",3.0976,0.3805,2.4699,3.7195,0.0041,0.003,8607.4705,5452.4464,1.0008
"d[0,45]",2.7783,0.3507,2.1977,3.3342,0.0039,0.0027,8143.7943,6149.9878,1.0004
"d[0,46]",2.5956,0.3453,2.0213,3.1472,0.0035,0.0025,10067.1672,6166.6499,1.0006
"d[0,47]",2.5979,0.3486,2.0542,3.1986,0.0034,0.0024,10792.2605,6011.2918,1.001
"d[0,48]",2.1129,0.3138,1.5876,2.6047,0.0031,0.0022,10190.9236,6529.7957,1.0007
"d[1,0]",0.5707,0.2802,0.113,1.0289,0.0027,0.0021,10481.4826,6660.0875,1.0002
"d[1,1]",1.1793,0.2808,0.7363,1.6677,0.0027,0.002,10736.0757,5902.8821,1.0002
"d[1,2]",1.0781,0.2949,0.5472,1.5128,0.0034,0.0025,7706.9668,6548.8479,1.0007
"d[1,3]",0.6109,0.2774,0.1581,1.069,0.0026,0.0021,11192.9357,6368.8269,1.0012
"d[1,4]",0.8566,0.2744,0.4168,1.3148,0.0027,0.0019,10494.4261,5971.3961,1.0004
"d[1,5]",0.8903,0.2718,0.4632,1.36,0.0026,0.0019,11033.495,6845.5476,1.0001
"d[1,6]",1.2065,0.2928,0.7274,1.6873,0.003,0.0022,9680.3052,6582.0606,1.0
"d[1,7]",1.0955,0.2922,0.638,1.5892,0.0029,0.0022,9903.3069,5744.9777,1.0004
"d[1,8]",1.1638,0.3012,0.6348,1.6266,0.0033,0.0024,8627.2463,6160.8821,1.0005
"d[1,9]",1.0356,0.2965,0.5449,1.5163,0.0032,0.0024,8488.1064,6390.327,1.0007
"d[1,10]",1.2048,0.291,0.7302,1.6805,0.0028,0.0021,10569.5587,5888.9344,1.0003
"d[1,11]",0.8241,0.2816,0.3679,1.2817,0.0028,0.0021,10081.4219,6149.7067,1.0006
"d[1,12]",1.3679,0.3112,0.8373,1.8615,0.0034,0.0025,8218.5113,6513.7445,1.0005
"d[1,13]",1.0318,0.2886,0.5754,1.5233,0.0029,0.0021,9971.8439,6293.4378,0.9999
"d[1,14]",1.0585,0.3055,0.5397,1.546,0.0033,0.0024,8529.247,6207.0029,1.0002
"d[1,15]",0.9076,0.2858,0.4485,1.3879,0.0028,0.0021,10874.0044,6334.8283,1.0004
"d[1,16]",0.8028,0.2721,0.3656,1.2609,0.0026,0.0019,11196.7811,6775.8672,1.001
"d[1,17]",1.2274,0.2835,0.7782,1.7159,0.0027,0.002,10663.1244,6603.864,0.9999
"d[1,18]",0.6736,0.2702,0.2232,1.1053,0.0027,0.002,10077.2415,6276.0371,1.0014
"d[1,19]",1.415,0.2991,0.9053,1.898,0.0031,0.0022,9075.4271,6377.0289,1.0018
"d[1,20]",1.2072,0.2993,0.7071,1.6928,0.0031,0.0022,9321.5702,6520.1937,1.0003
"d[1,21]",0.951,0.2841,0.4888,1.4235,0.0029,0.0022,9374.6169,5559.5594,1.0002
"d[1,22]",0.7641,0.2733,0.2971,1.1927,0.0026,0.0019,11468.8256,6602.6102,1.0001
"d[1,23]",1.1608,0.2987,0.6692,1.6598,0.0033,0.0024,8206.2399,5890.1536,0.9999
"d[1,24]",0.8469,0.2881,0.3764,1.3232,0.0029,0.0022,9903.2823,6171.3438,1.0008
"d[1,25]",1.3317,0.3031,0.825,1.8041,0.0032,0.0024,9224.5909,6019.8818,0.9999
"d[1,26]",0.6778,0.2709,0.2549,1.1383,0.0025,0.0018,11754.7059,5894.1986,1.0
"d[1,27]",1.7739,0.3083,1.2961,2.3054,0.0034,0.0024,8459.3355,6669.3906,1.0001
"d[1,28]",0.9062,0.2849,0.4427,1.3745,0.0027,0.002,11141.5325,6580.6776,1.0
"d[1,29]",1.0214,0.2809,0.556,1.4827,0.0026,0.0019,11274.4934,6893.351,0.9999
"d[1,30]",1.3779,0.2943,0.8806,1.847,0.0032,0.0023,8323.5814,5747.0829,1.0011
"d[1,31]",1.1632,0.2986,0.6791,1.6563,0.0029,0.0022,10642.2714,6669.1564,1.0005
"d[1,32]",1.3129,0.291,0.8178,1.7686,0.0029,0.0021,10452.8429,6238.1694,1.0004
"d[1,33]",0.7684,0.269,0.3089,1.1983,0.0025,0.0019,11783.1763,6060.2104,1.0
"d[1,34]",1.4089,0.3112,0.8776,1.9003,0.0036,0.0026,7649.6086,6581.2935,1.0
"d[1,35]",1.6486,0.3067,1.1398,2.1422,0.0033,0.0024,8786.4711,6152.4495,1.0002
"d[1,36]",0.8792,0.2667,0.4384,1.3099,0.0026,0.0019,10284.5108,6575.2415,1.0
"d[1,37]",1.1985,0.2776,0.7481,1.6578,0.0029,0.0021,8970.971,6986.5355,1.0004
"d[1,38]",0.9363,0.2787,0.5006,1.4129,0.0027,0.002,10558.4837,5986.7397,1.0011
"d[1,39]",0.866,0.2869,0.4099,1.3587,0.0029,0.0022,9783.2962,6136.4877,1.0
"d[1,40]",0.4029,0.271,-0.0549,0.8336,0.0025,0.0021,11462.3121,5969.7812,1.0006
"d[1,41]",1.3712,0.3091,0.8738,1.8889,0.0035,0.0025,8006.0764,6290.5025,1.001
"d[1,42]",1.3745,0.2808,0.8893,1.8176,0.0026,0.0019,11497.9049,6719.836,1.0
"d[1,43]",0.6434,0.2711,0.1895,1.0738,0.0026,0.002,10561.1335,6855.8662,1.0
"d[1,44]",1.3902,0.2905,0.8939,1.8388,0.0028,0.002,10611.422,6719.0978,1.0
"d[1,45]",0.8428,0.2728,0.3834,1.2727,0.0028,0.002,9593.8178,6439.0843,1.0005
"d[1,46]",1.093,0.2894,0.598,1.5464,0.0028,0.0021,10446.3053,6492.4599,0.9999
"d[1,47]",0.9505,0.2813,0.5061,1.429,0.0027,0.002,10762.4589,6453.6026,1.0004
"d[1,48]",1.0734,0.2984,0.5911,1.571,0.0031,0.0023,9176.7317,6387.4202,1.0007
cs,0.148,0.0295,0.0983,0.1952,0.0007,0.0005,1905.3337,2644.828,1.0044
"c[0,0]",-0.3564,0.1188,-0.5406,-0.1511,0.0014,0.001,7818.4355,5581.8348,1.0009
"c[0,1]",-0.392,0.1199,-0.5861,-0.1955,0.0013,0.001,8065.5049,5648.6898,1.0009
"c[0,2]",-0.463,0.1241,-0.6615,-0.2563,0.0013,0.0009,9414.1621,6555.2537,1.0
"c[0,3]",-0.3668,0.1239,-0.5747,-0.1641,0.0014,0.001,7983.7275,5931.4741,1.0005
"c[0,4]",-0.403,0.1282,-0.6206,-0.2012,0.0014,0.001,8883.2552,6389.5664,1.0001
"c[0,5]",-0.4851,0.1319,-0.6954,-0.2667,0.0015,0.0011,7737.2661,5872.5781,1.0004
"c[0,6]",-0.2762,0.1244,-0.4923,-0.0831,0.0016,0.0011,6188.1922,6363.1496,1.0005
"c[0,7]",-0.3765,0.1228,-0.5668,-0.1621,0.0014,0.001,7715.4549,5581.1775,1.0009
"c[0,8]",-0.4186,0.1276,-0.6295,-0.211,0.0013,0.001,9181.0336,5838.4004,1.0002
"c[0,9]",-0.2637,0.1242,-0.4769,-0.0681,0.0016,0.0012,5744.8303,5973.1063,1.0005
"c[0,10]",-0.4607,0.1324,-0.6787,-0.2432,0.0014,0.001,9209.7345,6457.8604,1.0004
"c[0,11]",-0.4486,0.1226,-0.6394,-0.2382,0.0013,0.0009,9113.7482,6225.6113,1.0
"c[0,12]",-0.444,0.1223,-0.6513,-0.2496,0.0012,0.0009,9999.4333,6437.1379,1.0008
"c[0,13]",-0.4709,0.1347,-0.6852,-0.2438,0.0016,0.0012,7617.83,5545.4165,1.0012
"c[0,14]",-0.5013,0.1324,-0.7245,-0.2883,0.0015,0.0011,8381.2794,6505.5894,1.0003
"c[0,15]",-0.4677,0.1306,-0.678,-0.2478,0.0015,0.0011,7472.8515,5951.1076,1.0001
"c[0,16]",-0.4537,0.1335,-0.6652,-0.2304,0.0015,0.0011,8509.1362,6185.279,0.9999
"c[0,17]",-0.4917,0.1292,-0.702,-0.2844,0.0014,0.001,9012.9331,6272.4471,1.0002
"c[0,18]",-0.3761,0.1213,-0.5695,-0.1701,0.0014,0.001,7328.4189,6355.7361,1.0002
"c[0,19]",-0.3622,0.1324,-0.5746,-0.1428,0.0015,0.0011,7353.5267,5522.6827,1.0
"c[0,20]",-0.3926,0.1201,-0.587,-0.1949,0.0013,0.0009,9171.796,6196.4539,0.9999
"c[0,21]",-0.4772,0.1312,-0.6901,-0.257,0.0015,0.0011,7933.5763,5378.5792,1.0011
"c[0,22]",-0.3748,0.121,-0.5614,-0.1661,0.0013,0.0009,8291.2378,6230.0224,1.0004
"c[0,23]",-0.3233,0.1289,-0.5309,-0.1083,0.0016,0.0011,6781.8546,5711.8724,1.0006
"c[0,24]",-0.3804,0.1302,-0.6038,-0.1729,0.0015,0.001,7992.4226,6278.4081,1.0001
"c[0,25]",-0.414,0.1273,-0.619,-0.2042,0.0013,0.001,9151.4776,6304.0373,1.0007
"c[0,26]",-0.4016,0.1193,-0.5946,-0.2005,0.0013,0.0009,9065.7848,6233.6868,1.0013
"c[0,27]",-0.5088,0.1313,-0.7162,-0.2863,0.0015,0.0011,7417.6212,6234.8074,1.0
"c[0,28]",-0.4112,0.1276,-0.6208,-0.204,0.0014,0.001,8718.2397,5809.8091,1.0009
"c[0,29]",-0.4793,0.1329,-0.695,-0.2594,0.0015,0.0011,8302.7666,5780.8285,1.0002
"c[0,30]",-0.3193,0.1247,-0.524,-0.1176,0.0015,0.0011,7075.3145,6189.4264,1.0012
"c[0,31]",-0.5066,0.1343,-0.7248,-0.2895,0.0015,0.0011,8623.0859,6784.0101,1.0013
"c[0,32]",-0.4929,0.1284,-0.7056,-0.2794,0.0014,0.001,8853.4716,6388.276,1.0008
"c[0,33]",-0.4929,0.1311,-0.6979,-0.2735,0.0015,0.0011,8099.9474,6072.693,1.0008
"c[0,34]",-0.4618,0.1317,-0.6835,-0.2508,0.0014,0.0011,8597.5647,5497.2855,1.0009
"c[0,35]",-0.4108,0.1268,-0.606,-0.1926,0.0013,0.001,9188.2739,6238.9642,1.0008
"c[0,36]",-0.4383,0.1272,-0.6452,-0.2283,0.0013,0.001,8972.2058,6055.6106,1.0002
"c[0,37]",-0.4189,0.125,-0.6299,-0.2178,0.0013,0.0009,9290.4425,6358.612,1.0
"c[0,38]",-0.4858,0.1324,-0.7043,-0.2669,0.0014,0.001,9205.0309,6199.6586,1.0004
"c[0,39]",-0.5081,0.1285,-0.7089,-0.2911,0.0014,0.001,8685.8805,6735.3814,1.0004
"c[0,40]",-0.4094,0.1239,-0.6129,-0.2073,0.0014,0.001,8128.4605,6521.3367,1.0011
"c[0,41]",-0.3493,0.1366,-0.57,-0.1225,0.0016,0.0012,7273.7833,6403.1471,1.0001
"c[0,42]",-0.3498,0.1324,-0.5635,-0.1313,0.0015,0.0011,7372.3468,6299.5076,1.0005
"c[0,43]",-0.2741,0.1284,-0.4837,-0.0699,0.0017,0.0012,5889.5116,6272.419,1.0017
"c[0,44]",-0.4686,0.1305,-0.6738,-0.2465,0.0015,0.0011,7763.8184,6435.9244,1.0
"c[0,45]",-0.336,0.1258,-0.542,-0.1293,0.0016,0.0011,6565.5438,6182.1913,1.0006
"c[0,46]",-0.4388,0.125,-0.6398,-0.2302,0.0013,0.001,8960.2354,6172.088,1.0001
"c[0,47]",-0.4388,0.1251,-0.6402,-0.2321,0.0013,0.001,8930.152,5577.8585,1.0001
"c[0,48]",-0.3646,0.1203,-0.552,-0.1592,0.0013,0.0009,9047.3328,5790.247,0.9998
"c[1,0]",-0.5851,0.1099,-0.7754,-0.4146,0.0012,0.0009,8090.4663,6020.5463,1.0002
"c[1,1]",-0.3659,0.1102,-0.5441,-0.1851,0.0011,0.0008,9459.4152,6386.9911,1.0001
"c[1,2]",-0.6025,0.1195,-0.804,-0.4164,0.0015,0.0011,6176.9278,6015.5013,1.0017
"c[1,3]",-0.5295,0.1088,-0.7093,-0.3547,0.0011,0.0008,10188.5245,6287.1885,1.0022
"c[1,4]",-0.4797,0.1073,-0.6605,-0.3054,0.0011,0.0008,10153.5295,5876.9508,1.0021
"c[1,5]",-0.4233,0.1078,-0.5984,-0.2482,0.0011,0.0008,9823.4474,6479.4762,0.9998
"c[1,6]",-0.581,0.1163,-0.7789,-0.3993,0.0014,0.001,7015.9935,6170.7806,1.0003
"c[1,7]",-0.5409,0.1157,-0.7431,-0.3625,0.0012,0.0009,8858.4895,6267.5598,1.0004
"c[1,8]",-0.5879,0.1172,-0.7742,-0.3953,0.0015,0.0011,6515.1269,6407.6116,1.0003
"c[1,9]",-0.612,0.1194,-0.8039,-0.4155,0.0015,0.0011,6629.6377,5521.3463,1.0014
"c[1,10]",-0.4659,0.1115,-0.6479,-0.2792,0.0012,0.0008,9125.4738,5980.5603,1.0004
"c[1,11]",-0.5358,0.1097,-0.7157,-0.3606,0.0012,0.0009,8538.8707,6667.6799,1.0
"c[1,12]",-0.6131,0.1248,-0.8256,-0.4196,0.0016,0.0011,6190.4996,5685.2121,1.0009
"c[1,13]",-0.495,0.1116,-0.6833,-0.3184,0.0012,0.0008,8804.3421,6277.8702,1.0004
"c[1,14]",-0.6661,0.1259,-0.855,-0.4462,0.0016,0.0012,5850.1378,6153.6808,1.0003
"c[1,15]",-0.5213,0.1114,-0.7053,-0.3425,0.0012,0.0009,8712.3295,5830.0529,1.0001
"c[1,16]",-0.3931,0.1056,-0.5656,-0.2205,0.0011,0.0008,9917.7005,6414.2365,0.9999
"c[1,17]",-0.4052,0.1098,-0.5914,-0.2305,0.0012,0.0009,8698.0653,5909.852,0.9999
"c[1,18]",-0.3706,0.1073,-0.5521,-0.1996,0.0012,0.0008,8290.5582,6486.408,1.0009
"c[1,19]",-0.5392,0.1156,-0.7193,-0.3401,0.0013,0.0009,8482.9764,6766.1179,1.0002
"c[1,20]",-0.5793,0.1162,-0.777,-0.3976,0.0014,0.001,7378.8836,6246.8145,1.0005
"c[1,21]",-0.5121,0.1105,-0.6931,-0.3334,0.0012,0.0009,8461.4138,6031.138,0.9998
"c[1,22]",-0.4462,0.107,-0.6255,-0.2754,0.001,0.0007,10795.8383,6395.2399,1.0009
"c[1,23]",-0.5863,0.1185,-0.7837,-0.3942,0.0014,0.001,7243.1121,5618.4543,1.0014
"c[1,24]",-0.5891,0.1146,-0.7811,-0.4029,0.0012,0.0009,8502.9336,6733.3044,1.0019
"c[1,25]",-0.5558,0.1186,-0.7412,-0.3577,0.0014,0.001,7662.1587,6564.17,1.0008
"c[1,26]",-0.372,0.109,-0.5476,-0.1899,0.001,0.0007,11046.6183,6550.5563,1.0002
"c[1,27]",-0.5506,0.1226,-0.741,-0.3377,0.0014,0.001,7855.5866,6042.0975,1.0
"c[1,28]",-0.5199,0.1105,-0.699,-0.3379,0.0012,0.0009,8635.4634,6328.3242,1.0002
"c[1,29]",-0.4473,0.1073,-0.6175,-0.268,0.001,0.0007,10753.485,6571.1393,1.0001
"c[1,30]",-0.5499,0.1144,-0.7444,-0.3683,0.0013,0.0009,8189.65,6312.4585,1.0004
"c[1,31]",-0.5868,0.1197,-0.7773,-0.3889,0.0013,0.001,8264.3216,5971.5309,1.0005
"c[1,32]",-0.503,0.112,-0.6793,-0.3142,0.0012,0.0008,9080.9039,6544.3553,1.0001
"c[1,33]",-0.4477,0.1073,-0.6238,-0.2735,0.0011,0.0008,9665.0933,5813.4919,1.0011
"c[1,34]",-0.6065,0.1239,-0.8122,-0.4095,0.0016,0.0012,5929.9431,6317.1836,1.0007
"c[1,35]",-0.5063,0.12,-0.6994,-0.3082,0.0013,0.001,8513.2721,6350.2466,1.0009
"c[1,36]",-0.2849,0.1121,-0.4567,-0.0901,0.0014,0.001,6691.6168,6503.8763,1.0016
"c[1,37]",-0.4645,0.1095,-0.6343,-0.2778,0.0011,0.0008,9225.8631,6687.6958,1.0001
"c[1,38]",-0.4639,0.108,-0.6475,-0.2929,0.0011,0.0008,9669.8122,6032.8136,1.0005
"c[1,39]",-0.5298,0.1125,-0.7228,-0.3571,0.0013,0.0009,7856.3705,5918.8585,1.0004
"c[1,40]",-0.2989,0.1083,-0.4756,-0.118,0.0012,0.0008,8679.6988,6113.3724,1.0009
"c[1,41]",-0.6152,0.1229,-0.8235,-0.4211,0.0015,0.0011,6350.6149,6351.048,1.0003
"c[1,42]",-0.433,0.1118,-0.6204,-0.2522,0.0012,0.0009,8829.9171,6714.6148,1.0006
"c[1,43]",-0.4739,0.1077,-0.6506,-0.2978,0.001,0.0008,10530.8941,6693.0998,1.0001
"c[1,44]",-0.4881,0.1132,-0.6706,-0.3022,0.0012,0.0009,9560.2169,6521.2461,1.0002
"c[1,45]",-0.3861,0.1068,-0.5532,-0.2005,0.0012,0.0009,7567.0712,6700.8698,1.0002
"c[1,46]",-0.539,0.1138,-0.7203,-0.3461,0.0012,0.0008,9137.9602,5986.95,1.0013
"c[1,47]",-0.5117,0.1115,-0.6927,-0.3292,0.0012,0.0009,8883.7109,6038.0272,1.0
"c[1,48]",-0.6006,0.1181,-0.7955,-0.4113,0.0013,0.001,7815.8024,6451.7678,1.0004
"h[0,0]",0.9198,0.0348,0.869,0.9735,0.0004,0.0003,7349.7768,5445.871,1.0011
"h[0,1]",0.9369,0.0301,0.8923,0.9832,0.0003,0.0002,7661.289,5799.9953,1.0001
"h[0,2]",0.9467,0.0276,0.905,0.9873,0.0003,0.0002,8586.5971,6205.3882,1.0005
"h[0,3]",0.9451,0.028,0.9044,0.9859,0.0003,0.0002,7513.8242,5160.4107,1.0007
"h[0,4]",0.9628,0.0219,0.9331,0.9936,0.0003,0.0002,7561.5498,6100.8217,1.0008
"h[0,5]",0.9701,0.0191,0.9442,0.9964,0.0002,0.0002,7108.5111,5566.1422,1.0006
"h[0,6]",0.915,0.0375,0.8582,0.971,0.0004,0.0003,7098.8556,6155.5938,1.0003
"h[0,7]",0.9427,0.0287,0.9016,0.9842,0.0003,0.0002,7241.4258,5605.0418,1.0004
"h[0,8]",0.9577,0.0237,0.9255,0.993,0.0003,0.0002,8296.7393,6036.4545,1.0
"h[0,9]",0.9176,0.0373,0.861,0.9727,0.0005,0.0003,6577.0167,5530.19,1.001
"h[0,10]",0.9761,0.0161,0.9539,0.9972,0.0002,0.0001,8159.7272,5957.8572,1.0002
"h[0,11]",0.952,0.0253,0.9158,0.9897,0.0003,0.0002,8045.8144,6024.1468,1.0002
"h[0,12]",0.9511,0.0255,0.9144,0.9877,0.0003,0.0002,9169.8944,6320.6526,1.0004
"h[0,13]",0.9741,0.0171,0.9505,0.9975,0.0002,0.0001,6777.7591,5067.1787,1.0009
"h[0,14]",0.966,0.021,0.9375,0.9958,0.0002,0.0002,7434.7399,5973.9932,1.0
"h[0,15]",0.9741,0.0167,0.9515,0.9971,0.0002,0.0001,6516.6382,5568.4967,1.0003
"h[0,16]",0.9782,0.0151,0.958,0.9976,0.0002,0.0001,8109.6247,5670.2823,0.9998
"h[0,17]",0.9681,0.0196,0.9425,0.9961,0.0002,0.0002,7993.316,5754.7438,1.0002
"h[0,18]",0.9423,0.0285,0.9033,0.986,0.0003,0.0002,6707.5325,5577.4651,0.9999
"h[0,19]",0.9722,0.0181,0.9471,0.9961,0.0002,0.0002,6988.4578,5780.0733,1.0001
"h[0,20]",0.937,0.0301,0.8939,0.9831,0.0003,0.0002,7593.0008,5804.257,0.9999
"h[0,21]",0.9721,0.0181,0.9466,0.9961,0.0002,0.0001,7754.054,5209.8374,1.0003
"h[0,22]",0.9424,0.0288,0.9021,0.9865,0.0003,0.0002,7846.8175,5460.8542,1.0003
"h[0,23]",0.9552,0.0247,0.9201,0.9906,0.0003,0.0002,6870.8985,5893.0881,1.0018
"h[0,24]",0.967,0.0202,0.9403,0.9958,0.0002,0.0002,7764.1988,6298.6115,1.0
"h[0,25]",0.9607,0.0227,0.929,0.9931,0.0003,0.0002,8361.7441,5889.5022,1.0002
"h[0,26]",0.9349,0.0304,0.8902,0.9819,0.0003,0.0002,8458.6599,5943.3837,1.0007
"h[0,27]",0.9643,0.0212,0.9337,0.9943,0.0003,0.0002,7364.8905,6061.7524,1.0007
"h[0,28]",0.9605,0.0225,0.9292,0.9929,0.0003,0.0002,7833.2539,5703.7678,1.0011
"h[0,29]",0.9724,0.018,0.9481,0.9962,0.0002,0.0001,7820.4386,6134.3366,1.0002
"h[0,30]",0.9303,0.034,0.8815,0.9807,0.0004,0.0003,6941.8825,5941.9731,1.0013
"h[0,31]",0.9638,0.0219,0.9338,0.995,0.0002,0.0002,7833.1502,5779.0103,1.001
"h[0,32]",0.9684,0.0191,0.9423,0.9953,0.0002,0.0002,7773.0209,6455.9864,1.0008
"h[0,33]",0.9682,0.0194,0.9407,0.9951,0.0002,0.0002,7573.8971,5730.2238,1.0008
"h[0,34]",0.9762,0.0161,0.9544,0.9981,0.0002,0.0001,7908.9021,5203.7519,1.0007
"h[0,35]",0.9603,0.0229,0.9283,0.9926,0.0003,0.0002,8031.6029,5921.836,0.9998
"h[0,36]",0.9537,0.0253,0.9176,0.9915,0.0003,0.0002,7548.9478,5766.5502,1.0001
"h[0,37]",0.9576,0.0237,0.9236,0.9907,0.0003,0.0002,8377.3811,6271.941,0.9999
"h[0,38]",0.9704,0.0184,0.9452,0.9961,0.0002,0.0001,7983.8177,5673.5627,1.0005
"h[0,39]",0.9645,0.0205,0.9356,0.9945,0.0002,0.0002,7891.2768,6051.0372,1.0
"h[0,40]",0.9605,0.0222,0.929,0.9919,0.0003,0.0002,7464.9998,5906.2562,1.0005
"h[0,41]",0.974,0.018,0.9501,0.9975,0.0002,0.0002,7464.9172,6129.7614,1.001
"h[0,42]",0.9746,0.0172,0.9515,0.9966,0.0002,0.0001,6859.9226,6385.8167,1.0005
"h[0,43]",0.9416,0.0301,0.8965,0.9849,0.0004,0.0003,5930.9998,5192.2443,1.0016
"h[0,44]",0.974,0.0171,0.9505,0.9967,0.0002,0.0001,7020.8651,5957.9931,1.0006
"h[0,45]",0.9526,0.0257,0.9164,0.9891,0.0003,0.0002,6135.3231,5967.8813,1.0008
"h[0,46]",0.9537,0.0248,0.9161,0.9882,0.0003,0.0002,8217.1573,6123.3567,0.9998
"h[0,47]",0.9538,0.0248,0.9173,0.9894,0.0003,0.0002,8693.6947,5986.1511,1.0002
"h[0,48]",0.9165,0.0365,0.8607,0.9713,0.0004,0.0003,8252.0979,6446.8299,1.0008
"h[1,0]",0.8028,0.0574,0.7127,0.8978,0.0006,0.0004,8038.744,5527.354,0.9999
"h[1,1]",0.825,0.0539,0.7358,0.9084,0.0006,0.0004,8551.3287,6208.9113,1.0004
"h[1,2]",0.8669,0.0485,0.7882,0.9418,0.0006,0.0004,5863.0369,5300.0221,1.0015
"h[1,3]",0.793,0.0589,0.7001,0.8911,0.0006,0.0004,9261.2071,5886.3718,1.0013
"h[1,4]",0.813,0.0546,0.7226,0.8985,0.0006,0.0004,8768.512,5888.2064,1.0014
"h[1,5]",0.8024,0.0572,0.7105,0.8933,0.0006,0.0004,9047.281,6579.7081,1.0003
"h[1,6]",0.8759,0.0454,0.8032,0.9465,0.0005,0.0004,7034.0863,6172.5012,1.0003
"h[1,7]",0.8558,0.0504,0.7778,0.938,0.0006,0.0004,8576.0666,5456.9849,1.0008
"h[1,8]",0.8727,0.047,0.8029,0.9538,0.0006,0.0004,6787.7258,5996.3873,1.0005
"h[1,9]",0.8644,0.0492,0.7897,0.9453,0.0006,0.0004,6631.1677,5672.1657,1.0013
"h[1,10]",0.8516,0.0503,0.7715,0.9319,0.0005,0.0004,8432.4278,5437.7815,1.0002
"h[1,11]",0.823,0.0543,0.7405,0.9147,0.0006,0.0004,7965.621,6229.145,0.9999
"h[1,12]",0.896,0.0434,0.83,0.9655,0.0005,0.0004,6370.4828,5612.9363,1.0008
"h[1,13]",0.8383,0.0526,0.7596,0.9259,0.0006,0.0004,7844.4179,6030.9053,1.0
"h[1,14]",0.8773,0.0478,0.8045,0.9553,0.0006,0.0004,6362.746,5842.5522,1.0004
"h[1,15]",0.8297,0.0535,0.7444,0.9165,0.0006,0.0004,8349.3481,5866.9692,0.9999
"h[1,16]",0.7818,0.0596,0.687,0.8787,0.0006,0.0004,9047.522,6349.8732,1.0008
"h[1,17]",0.8404,0.0515,0.7613,0.9235,0.0006,0.0004,8258.081,6150.8945,1.0
"h[1,18]",0.7558,0.0634,0.6541,0.8582,0.0007,0.0005,8240.1132,6177.0427,1.0007
"h[1,19]",0.8878,0.0429,0.8219,0.9559,0.0005,0.0004,7380.3644,5666.1685,1.0014
"h[1,20]",0.8756,0.0458,0.8062,0.9505,0.0005,0.0004,7043.0714,5194.5509,1.0004
"h[1,21]",0.8328,0.0532,0.751,0.9222,0.0006,0.0004,7467.1273,5911.9182,1.0001
"h[1,22]",0.7914,0.0582,0.7018,0.8897,0.0006,0.0004,9628.3149,6624.8002,1.0006
"h[1,23]",0.8721,0.0473,0.7944,0.9457,0.0006,0.0004,6758.4677,5132.3628,1.0004
"h[1,24]",0.8385,0.0531,0.7534,0.9232,0.0006,0.0004,7939.8452,5564.6847,1.0013
"h[1,25]",0.8828,0.0449,0.8151,0.9579,0.0005,0.0004,7779.9755,5867.7712,1.0004
"h[1,26]",0.7568,0.0641,0.6533,0.8592,0.0006,0.0005,10082.8878,5688.9251,1.0011
"h[1,27]",0.9188,0.0358,0.8637,0.9744,0.0004,0.0003,7110.2162,6027.5578,1.0002
"h[1,28]",0.8293,0.0533,0.7421,0.9114,0.0006,0.0004,8760.0086,6048.1148,1.0
"h[1,29]",0.8257,0.0533,0.7425,0.9116,0.0006,0.0004,9233.966,6595.0944,0.9999
"h[1,30]",0.8865,0.0429,0.8219,0.9569,0.0005,0.0004,7041.6493,5698.0157,1.0011
"h[1,31]",0.8724,0.0474,0.7969,0.9479,0.0005,0.0004,8412.0911,5566.4086,1.001
"h[1,32]",0.8712,0.0457,0.7989,0.9437,0.0005,0.0003,9025.2604,6045.3635,1.0005
"h[1,33]",0.7925,0.0572,0.7002,0.8851,0.0006,0.0004,9133.7597,5864.1,1.0005
"h[1,34]",0.8986,0.0419,0.8352,0.967,0.0005,0.0004,5904.2244,5829.1338,1.0005
"h[1,35]",0.9022,0.0406,0.8404,0.9667,0.0005,0.0003,7552.9693,5567.3523,1.0002
"h[1,36]",0.761,0.0631,0.6633,0.8673,0.0007,0.0005,7569.7728,6039.6223,1.0002
"h[1,37]",0.851,0.0486,0.7737,0.9278,0.0006,0.0004,7357.6496,6295.471,1.0007
"h[1,38]",0.8191,0.0547,0.7324,0.9086,0.0006,0.0004,8867.0029,5857.371,1.0002
"h[1,39]",0.8264,0.0554,0.7403,0.9176,0.0006,0.0005,7475.3695,5650.3863,1.0007
"h[1,40]",0.6881,0.0709,0.573,0.8035,0.0008,0.0005,8859.4082,5834.3548,1.0005
"h[1,41]",0.8969,0.0424,0.8321,0.9642,0.0005,0.0004,6252.6212,6148.3826,1.0003
"h[1,42]",0.8633,0.0464,0.7875,0.9352,0.0005,0.0004,8574.0084,6369.2595,1.0004
"h[1,43]",0.7822,0.0591,0.6845,0.876,0.0006,0.0004,8712.8791,6443.2922,1.0001
"h[1,44]",0.8759,0.0445,0.8054,0.9466,0.0005,0.0003,9068.9098,5625.6794,1.0002
"h[1,45]",0.7855,0.0589,0.6869,0.8777,0.0007,0.0005,7099.1114,5836.7707,1.0002
"h[1,46]",0.8554,0.0492,0.7798,0.936,0.0005,0.0004,8491.7573,5990.1571,1.0001
"h[1,47]",0.8326,0.0531,0.7519,0.9205,0.0006,0.0004,8514.2087,5616.3653,1.0004
"h[1,48]",0.8661,0.0486,0.7908,0.9438,0.0006,0.0004,7328.5406,5900.2798,1.0006
"f[0,0]",0.2357,0.0459,0.1613,0.3098,0.0004,0.0003,16104.0764,5925.9416,1.0004
"f[0,1]",0.2171,0.0437,0.1452,0.287,0.0003,0.0002,18882.8028,5634.0878,1.0008
"f[0,2]",0.2323,0.0454,0.1599,0.3076,0.0003,0.0003,18907.703,5853.6197,1.0
"f[0,3]",0.1831,0.0414,0.1135,0.2469,0.0003,0.0003,16143.8648,5717.6884,1.0015
"f[0,4]",0.1524,0.0384,0.0904,0.2143,0.0003,0.0002,17866.8193,5511.3483,1.0
"f[0,5]",0.1656,0.0385,0.105,0.2286,0.0003,0.0002,16807.3224,6209.5693,1.0006
"f[0,6]",0.1978,0.0416,0.1305,0.2653,0.0003,0.0003,14526.1364,5936.9792,1.0006
"f[0,7]",0.1944,0.0422,0.124,0.2615,0.0003,0.0003,16800.2352,5917.6618,1.0004
"f[0,8]",0.1751,0.0404,0.1085,0.2406,0.0003,0.0002,18020.0397,5831.6434,1.0003
"f[0,9]",0.1861,0.0405,0.1182,0.2492,0.0003,0.0003,15480.6317,5813.1413,1.0007
"f[0,10]",0.1318,0.0362,0.0747,0.19,0.0003,0.0002,16387.1165,5902.1685,1.0009
"f[0,11]",0.2087,0.0425,0.1415,0.2792,0.0003,0.0002,16429.3159,5999.2804,1.0013
"f[0,12]",0.209,0.0433,0.1409,0.2823,0.0003,0.0002,17896.5563,6301.7342,1.0008
"f[0,13]",0.1434,0.0375,0.082,0.2021,0.0003,0.0002,17455.8982,6097.0628,1.0001
"f[0,14]",0.1889,0.0403,0.1224,0.2532,0.0003,0.0002,15485.0644,6170.493,0.9998
"f[0,15]",0.1431,0.0373,0.0797,0.2004,0.0003,0.0002,17360.7503,5870.8052,1.0008
"f[0,16]",0.1202,0.0347,0.0654,0.1758,0.0003,0.0002,16923.3647,6316.2412,1.0001
"f[0,17]",0.1774,0.0408,0.112,0.2447,0.0003,0.0002,16652.0456,6133.3066,0.9998
"f[0,18]",0.1951,0.042,0.1299,0.2654,0.0003,0.0002,18187.8562,6491.2176,1.0003
"f[0,19]",0.1071,0.0326,0.0541,0.1581,0.0003,0.0002,15928.3848,5783.5709,1.0001
"f[0,20]",0.2174,0.0424,0.1479,0.286,0.0003,0.0002,15564.2744,5810.9747,1.0003
"f[0,21]",0.1545,0.039,0.0891,0.2143,0.0003,0.0003,15930.8518,5540.0501,1.001
"f[0,22]",0.1943,0.0427,0.123,0.2606,0.0003,0.0003,17377.8216,5711.4583,1.0003
"f[0,23]",0.1376,0.0365,0.0799,0.1963,0.0003,0.0002,17692.9382,5514.5604,1.0011
"f[0,24]",0.1297,0.0356,0.0693,0.1838,0.0003,0.0002,16802.7084,5741.949,1.0001
"f[0,25]",0.1638,0.0393,0.1021,0.2289,0.0003,0.0002,17292.2305,5608.3521,1.0005
"f[0,26]",0.2282,0.0455,0.1526,0.3012,0.0003,0.0002,19153.7648,5931.9206,1.0005
"f[0,27]",0.2002,0.043,0.1309,0.2698,0.0003,0.0003,16293.409,6108.9173,1.0004
"f[0,28]",0.1631,0.0392,0.0967,0.2238,0.0003,0.0002,16228.4302,5878.1928,1.0005
"f[0,29]",0.1543,0.0386,0.0942,0.2197,0.0003,0.0002,17922.2413,6026.8305,1.0004
"f[0,30]",0.1907,0.0409,0.1236,0.256,0.0003,0.0003,14993.4899,5548.5193,1.0009
"f[0,31]",0.2001,0.0421,0.1312,0.267,0.0003,0.0003,16591.3959,6278.0028,1.0014
"f[0,32]",0.1772,0.0404,0.1098,0.2424,0.0003,0.0002,16452.1328,5935.1508,1.0013
"f[0,33]",0.1775,0.0411,0.11,0.2423,0.0003,0.0002,17524.8453,5751.7992,1.0006
"f[0,34]",0.1315,0.0363,0.0722,0.1883,0.0003,0.0002,16099.808,5760.8015,1.001
"f[0,35]",0.1634,0.0395,0.1027,0.2313,0.0003,0.0002,18395.9818,6226.6134,1.001
"f[0,36]",0.1973,0.0422,0.1265,0.2633,0.0003,0.0003,16979.4212,6293.2431,1.0006
"f[0,37]",0.1758,0.0406,0.1083,0.2398,0.0003,0.0002,19006.7605,6338.1498,1.0005
"f[0,38]",0.1657,0.0397,0.1006,0.2288,0.0003,0.0002,18026.0293,6160.0505,0.9999
"f[0,39]",0.1999,0.0435,0.128,0.2695,0.0003,0.0003,16172.7744,5843.2242,1.0011
"f[0,40]",0.1631,0.0389,0.101,0.2261,0.0003,0.0002,19207.8883,6235.4847,0.9999
"f[0,41]",0.0966,0.0314,0.0435,0.1438,0.0003,0.0002,16394.8381,6039.5007,1.0
"f[0,42]",0.0958,0.0309,0.047,0.1444,0.0002,0.0002,16496.9781,5808.3967,1.0003
"f[0,43]",0.1455,0.0371,0.087,0.2067,0.0003,0.0002,14592.4557,6010.7217,1.001
"f[0,44]",0.1433,0.0368,0.0828,0.2022,0.0003,0.0002,15503.4003,6094.791,1.0002
"f[0,45]",0.1494,0.0378,0.0891,0.2106,0.0003,0.0002,17570.7863,5746.4918,1.0005
"f[0,46]",0.1981,0.043,0.1306,0.2703,0.0003,0.0002,18200.8954,5948.112,1.0001
"f[0,47]",0.1978,0.0435,0.1242,0.2668,0.0003,0.0002,17037.8704,6098.7897,1.0001
"f[0,48]",0.2468,0.0455,0.1728,0.3203,0.0003,0.0003,17490.3169,6158.6851,1.0002
"f[1,0]",0.6168,0.0516,0.5291,0.6987,0.0004,0.0003,17034.2448,5215.4874,1.0001
"f[1,1]",0.4123,0.0527,0.3312,0.5021,0.0004,0.0003,21045.7897,5869.2853,0.9999
"f[1,2]",0.5251,0.0524,0.4415,0.6142,0.0004,0.0003,19048.8868,6000.4102,1.0006
"f[1,3]",0.5879,0.0513,0.5073,0.6761,0.0004,0.0003,16524.6704,6186.4815,1.0012
"f[1,4]",0.5203,0.0524,0.4365,0.6078,0.0004,0.0003,19079.2228,5796.3199,1.001
"f[1,5]",0.4914,0.0508,0.4083,0.5745,0.0004,0.0003,17191.4821,6114.5521,1.0012
"f[1,6]",0.4912,0.0534,0.4019,0.5754,0.0004,0.0003,18831.0473,5916.6066,1.0004
"f[1,7]",0.4973,0.0531,0.4071,0.579,0.0004,0.0003,16984.8128,5550.6776,1.0012
"f[1,8]",0.5024,0.0532,0.4175,0.5905,0.0004,0.0003,16135.7401,6189.0706,1.0003
"f[1,9]",0.5372,0.0527,0.4488,0.6219,0.0004,0.0003,16172.2924,5873.6057,1.0007
"f[1,10]",0.4462,0.053,0.3574,0.5329,0.0004,0.0003,19587.3261,5526.5406,1.0012
"f[1,11]",0.5488,0.0523,0.4654,0.6369,0.0004,0.0003,17256.1654,6060.0074,1.0008
"f[1,12]",0.472,0.0527,0.3797,0.5547,0.0004,0.0003,15134.1977,5614.0412,1.0005
"f[1,13]",0.4917,0.0539,0.4043,0.5816,0.0004,0.0003,19819.2709,5418.207,1.0002
"f[1,14]",0.5539,0.0538,0.4663,0.6427,0.0004,0.0003,15126.629,5704.3097,0.9999
"f[1,15]",0.5266,0.054,0.44,0.6168,0.0004,0.0003,19274.6084,5047.1904,1.0001
"f[1,16]",0.4967,0.0519,0.4147,0.5823,0.0004,0.0003,17829.2764,5904.9152,1.0012
"f[1,17]",0.4182,0.0522,0.3321,0.5049,0.0004,0.0003,17699.1429,5963.3436,1.0017
"f[1,18]",0.5134,0.0522,0.4277,0.5993,0.0004,0.0003,16031.5243,5763.3704,1.0004
"f[1,19]",0.4338,0.0533,0.3489,0.5235,0.0004,0.0003,17707.251,5945.6462,1.0011
"f[1,20]",0.4904,0.055,0.4009,0.5816,0.0004,0.0003,17140.6219,6051.588,1.0001
"f[1,21]",0.5144,0.0531,0.4263,0.5991,0.0004,0.0003,17790.42,5940.4461,0.9998
"f[1,22]",0.5253,0.0524,0.4396,0.6108,0.0004,0.0003,17409.4255,6229.0923,1.0003
"f[1,23]",0.5023,0.0532,0.4131,0.589,0.0004,0.0003,16397.8823,6138.1093,1.0001
"f[1,24]",0.5652,0.0524,0.4765,0.6496,0.0004,0.0003,17930.18,6247.4428,1.0003
"f[1,25]",0.4566,0.0535,0.3682,0.5442,0.0004,0.0003,18446.2589,5627.7042,1.0002
"f[1,26]",0.5131,0.0519,0.4255,0.5946,0.0004,0.0003,17848.5871,5359.4863,1.0006
"f[1,27]",0.3694,0.0503,0.2895,0.4541,0.0004,0.0003,18186.1914,5945.5374,1.0007
"f[1,28]",0.5264,0.0542,0.4357,0.613,0.0004,0.0003,19809.3584,5363.1695,0.9999
"f[1,29]",0.4749,0.0527,0.3839,0.5586,0.0004,0.0003,18523.2261,6075.784,0.9997
"f[1,30]",0.4452,0.0523,0.3612,0.5326,0.0004,0.0003,17462.6672,5971.736,1.0017
"f[1,31]",0.502,0.0536,0.4123,0.5872,0.0004,0.0003,17514.9642,6047.0311,1.0001
"f[1,32]",0.4396,0.0525,0.3526,0.5242,0.0004,0.0003,17490.5858,6347.8122,1.0005
"f[1,33]",0.5251,0.0529,0.4408,0.6119,0.0004,0.0003,20083.1652,5397.2742,1.0003
"f[1,34]",0.4613,0.0539,0.3744,0.5519,0.0004,0.0003,15413.9872,5554.1351,1.0015
"f[1,35]",0.3764,0.0507,0.2919,0.458,0.0004,0.0003,16225.544,6414.8069,1.0001
"f[1,36]",0.4391,0.0528,0.3551,0.5286,0.0004,0.0003,13779.0285,6103.7431,0.9999
"f[1,37]",0.4469,0.0522,0.3637,0.534,0.0004,0.0003,17835.7673,5981.1437,1.0002
"f[1,38]",0.4983,0.0523,0.4147,0.5856,0.0004,0.0003,19836.2079,5939.4125,1.0014
"f[1,39]",0.5382,0.0524,0.4547,0.628,0.0004,0.0003,16980.7485,5824.8522,1.0001
"f[1,40]",0.5385,0.0541,0.4491,0.6257,0.0004,0.0003,15099.0426,6063.5871,1.001
"f[1,41]",0.4722,0.0536,0.3832,0.5605,0.0004,0.0003,16876.4647,5827.933,1.0017
"f[1,42]",0.4006,0.052,0.3192,0.4895,0.0004,0.0003,18958.6405,5832.4485,1.0002
"f[1,43]",0.5599,0.0531,0.4718,0.6462,0.0004,0.0003,19558.5826,6243.0656,1.0005
"f[1,44]",0.4187,0.0516,0.329,0.4995,0.0004,0.0003,15516.7631,5826.0765,1.0014
"f[1,45]",0.4861,0.053,0.4025,0.5748,0.0004,0.0003,18460.4862,6299.8528,0.9998
"f[1,46]",0.497,0.0542,0.4081,0.5862,0.0004,0.0003,18932.8722,6144.9838,0.9998
"f[1,47]",0.5144,0.0522,0.432,0.6046,0.0004,0.0003,18624.3832,6055.0721,1.0
"f[1,48]",0.5252,0.0538,0.4411,0.6181,0.0004,0.0003,17592.0932,6073.5368,1.0016
